ingredients_combo,taste_balance,price_norm,health_score,carbon_norm
sugar + flour + fruit + wheat + butter + egg + milk + honey + rice + seed + yeast + barley + hazelnut + potato + oat + palm + strawberry + garlic + cream + raspberry + cheese + carrot + blueberry + vinegar + cranberry + coating + buttermilk + fig + yolk + cottonseed + peppermint + mango + plum + pear + parsley + liquorice + lime + chia + cornmeal + sauce + beef + chickpea + sultana + pork + elderberry + coriander + millet + aniseed + celery + cardamom + basil + biscuit + mushroom + cookie + cake + grapefruit + reggiano + olive + tomatoe + chicken + bread + breadcrumb + crispie + lingonberry + kale + potatoe + vegetale + sage + pastry + berry + tahini + lettuce + flageolet + mayonnaise + courgette + applesauce + peppercorn + tigernut + avocado + flaxseed + cacao + soybean + shallot + boysenberry + artichoke + palmfat + palma + brownie + champagne,0.47003930904914953,0.4838710208476588,4,0.4779665220972501
sugar + salt + flour + cocoa + fruit + butter + nut + egg + milk + spice + milkfat + rice + yeast + bean + soya + barley + hazelnut + butterfat + oat + grape + palm + strawberry + pepper + cheese + canola + sesame + walnut + apricot + paprika + tomato + vinegar + coating + flax + ginger + pumpkin + yolk + banana + mango + pineapple + pear + parsley + liquorice + chia + sugarcane + cornmeal + blackberry + sauce + clove + buckwheat + sultana + pork + poppyseed + yogurt + rye + spinach + cabbage + oregano + cumin + celery + cassava + mustard + cardamom + wine + basil + biscuit + tea + thyme + stearate + broccoli + allspice + chive + leaf + reggiano + olive + oatmeal + cracker + cider + breadcrumb + crispie + lingonberry + monostearate + gooseberry + potatoe + vegetale + sage + pastry + berry + anise + ghee + flageolet + mayonnaise + courgette + caramel + bilberry + lard + peppercorn + tigernut + cacao + soybean + shallot + groat + lay + bacon + artichoke + honeycomb + tortilla + palma + brownie + waffle,0.47052363391843127,0.49928935286615195,4,0.4748053824968699
sugar + oil + salt + flour + cocoa + fruit + butter + nut + egg + chocolate + juice + almond + honey + seed + corn + bean + hazelnut + peanut + butterfat + potato + oat + apple + coconut + strawberry + cinnamon + pepper + cream + sunflower + cheese + canola + orange + lemon + raisin + sesame + walnut + paprika + tomato + cranberry + coating + ginger + buttermilk + pumpkin + cottonseed + banana + mango + plum + peach + parsley + liquorice + quinoa + lime + chia + sugarcane + cornmeal + blackberry + coffee + sauce + chickpea + buckwheat + sultana + pork + elderberry + poppyseed + coriander + rye + millet + spinach + cabbage + oregano + cumin + pea + aniseed + celery + lentil + mustard + melon + wine + biscuit + mushroom + watermelon + shellfish + chestnut + papaya + chokeberry + soda + tomatoe + chicken + bread + cider + butteroil + breadcrumb + crispie + stearin + potatoe + vegetale + sage + fenugreek + berry + tahini + starter + mayonnaise + courgette + caramel + bilberry + lard + applesauce + peppercorn + tallow + tigernut + flaxseed + cashew + shallot + bacon + artichoke + honeycomb + palma + brownie + waffle,0.46402835457125124,0.5003231957613808,4,0.4728260491975814
oil + flour + wheat + nut + chocolate + whey + honey + seed + corn + yeast + bean + soya + barley + potato + coconut + grape + strawberry + cinnamon + herb + pepper + cream + sunflower + raspberry + canola + orange + carrot + lemon + palmitate + sesame + coating + flax + ginger + buttermilk + pumpkin + fig + banana + peppermint + plum + pineapple + parsley + liquorice + quinoa + chia + sugarcane + cornmeal + coffee + sauce + beef + chickpea + buckwheat + sultana + pork + poppyseed + yogurt + cabbage + oregano + aniseed + passionfruit + cassava + lentil + biscuit + chestnut + cake + allspice + chive + oatmeal + shrimp + fennel + bread + butteroil + crispie + dill + lingonberry + kale + sage + berry + tahini + anise + ghee + bilberry + lard + peppercorn + tallow + tigernut + gingerbread + flaxseed + cacao + soybean + cashew + boysenberry + breadstick + epice + bacon + palmfat + tortilla + palma + champagne,0.46467647103608367,0.4880602515272282,4,0.458640137825901
sugar + oil + fruit + butter + egg + whey + vanilla + milkfat + honey + rice + seed + yeast + soya + barley + peanut + oat + apple + grape + palm + onion + strawberry + pepper + cheese + carrot + lemon + palmitate + blueberry + sesame + walnut + paprika + tomato + vinegar + coating + ginger + fig + yolk + peppermint + mango + pineapple + parsley + quinoa + lime + chia + cornmeal + sauce + chickpea + buckwheat + sultana + poppy + coriander + yogurt + millet + cabbage + pea + aniseed + celery + cassava + lentil + cardamom + melon + wine + biscuit + tea + thyme + papaya + chokeberry + stearate + allspice + kiwi + chive + leaf + olive + oatmeal + tomatoe + cracker + chicken + shrimp + fennel + bread + cider + breadcrumb + lingonberry + monostearate + gooseberry + sage + courgette + leek + caramel + bilberry + lard + applesauce + tallow + gingerbread + flaxseed + cacao + soybean + boysenberry + lay + epice + palmfat + tofu + palma,0.47101514272897493,0.4944457710491557,4,0.4680267351184112
sugar + oil + salt + flour + cocoa + wheat + nut + milk + chocolate + whey + bean + barley + hazelnut + oat + apple + coconut + palm + cinnamon + garlic + cream + raspberry + cheese + orange + palmitate + blueberry + raisin + sesame + apricot + cranberry + coating + flax + ginger + buttermilk + yolk + banana + pear + peach + quinoa + lime + cornmeal + coffee + sauce + chickpea + sultana + poppy + elderberry + poppyseed + millet + spinach + cabbage + pea + aniseed + celery + passionfruit + lentil + mustard + biscuit + tea + chestnut + cookie + papaya + cake + stearate + allspice + kiwi + chive + oatmeal + soda + tomatoe + cracker + shrimp + fennel + butteroil + breadcrumb + crispie + dill + monostearate + kale + stearin + potatoe + sage + fenugreek + pastry + berry + anise + ghee + starter + flageolet + lard + tallow + avocado + gingerbread + flaxseed + cacao + cauliflower + shallot + boysenberry + breadstick + lay + bacon + honeycomb + palmfat + tortilla + palma + brownie,0.4769243737583801,0.4889083764045481,4,0.4856263180424971
oil + flour + cocoa + fruit + wheat + butter + nut + egg + milk + whey + spice + almond + seed + corn + hazelnut + peanut + oat + coconut + onion + strawberry + cinnamon + herb + pepper + sunflower + raspberry + cheese + canola + orange + lemon + palmitate + sesame + paprika + tomato + vinegar + coating + flax + ginger + fig + yolk + banana + plum + pineapple + pear + parsley + quinoa + chia + beef + buckwheat + sultana + pork + rosemary + rye + millet + cabbage + celery + cassava + cardamom + wine + mushroom + watermelon + thyme + chestnut + papaya + cake + chokeberry + stearate + broccoli + leaf + reggiano + olive + oatmeal + tomatoe + cracker + chicken + shrimp + fennel + bread + cider + lingonberry + monostearate + kale + stearin + potatoe + sage + fenugreek + pastry + starter + lettuce + mayonnaise + caramel + bilberry + peppercorn + tigernut + gingerbread + flaxseed + cacao + cashew + shallot + boysenberry + breadstick + lay + artichoke + palmfat + palma + brownie,0.4696850109049316,0.49919748913240186,4,0.4767539364991745
sugar + salt + flour + fruit + nut + egg + milk + spice + juice + seed + soya + barley + hazelnut + potato + oat + apple + coconut + grape + palm + strawberry + cinnamon + garlic + pepper + cream + sunflower + cheese + canola + orange + carrot + lemon + palmitate + blueberry + walnut + turmeric + coating + buttermilk + fig + banana + mango + plum + pineapple + pear + parsley + quinoa + chia + sugarcane + cornmeal + blackberry + sauce + clove + buckwheat + sultana + pork + rosemary + yogurt + rye + millet + oregano + cumin + passionfruit + cassava + wine + basil + mushroom + watermelon + shellfish + chestnut + papaya + stearate + broccoli + allspice + grapefruit + leaf + oatmeal + tomatoe + chicken + fennel + bread + cider + breadcrumb + crispie + monostearate + gooseberry + fish + sage + fenugreek + tahini + anise + ghee + starter + courgette + leek + caramel + bilberry + applesauce + peppercorn + tigernut + gingerbread + cauliflower + cashew + boysenberry + epice + honeycomb + palmfat + champagne,0.46902981686980394,0.5078681167947241,4,0.4599173959369702
flour + fruit + wheat + butter + milk + chocolate + whey + spice + juice + milkfat + hazelnut + potato + oat + apple + coconut + grape + palm + onion + strawberry + cinnamon + garlic + pepper + sunflower + sweetener + orange + lemon + palmitate + raisin + sesame + apricot + paprika + tomato + coating + flax + ginger + pumpkin + yolk + cottonseed + peach + quinoa + lime + chia + sugarcane + cornmeal + sauce + beef + sultana + pork + poppy + poppyseed + rye + spinach + celery + cassava + cardamom + wine + basil + mushroom + shellfish + chestnut + chokeberry + stearate + allspice + kiwi + chive + grapefruit + leaf + reggiano + olive + oatmeal + soda + chicken + shrimp + fennel + bread + lingonberry + monostearate + kale + potatoe + fish + fenugreek + pastry + tahini + starter + mayonnaise + courgette + leek + caramel + bilberry + peppercorn + tallow + avocado + gingerbread + cacao + cauliflower + soybean + lay + epice + honeycomb + tortilla,0.47044871280057676,0.5222186683768384,4,0.4848688313806415
sugar + salt + cocoa + wheat + nut + milk + whey + vanilla + juice + milkfat + almond + yeast + soya + barley + potato + apple + palm + onion + strawberry + cinnamon + herb + pepper + raspberry + sweetener + canola + carrot + palmitate + blueberry + raisin + sesame + walnut + apricot + paprika + tomato + vinegar + turmeric + coating + pumpkin + yolk + banana + peppermint + plum + pineapple + pear + liquorice + chia + cornmeal + coffee + sauce + chickpea + buckwheat + pork + poppy + rosemary + elderberry + poppyseed + yogurt + millet + cumin + pea + aniseed + lentil + cardamom + biscuit + tea + mushroom + thyme + cookie + cake + chokeberry + stearate + allspice + leaf + soda + tomatoe + fennel + bread + cider + breadcrumb + crispie + lingonberry + monostearate + gooseberry + stearin + vegetale + fish + pastry + berry + tahini + anise + ghee + lettuce + mayonnaise + courgette + lard + applesauce + cashew + lay + epice + artichoke + palmfat + brownie + waffle,0.470043517396525,0.4836616391954547,4,0.46569772086207734
sugar + cocoa + fruit + wheat + nut + milk + whey + spice + milkfat + rice + bean + soya + hazelnut + peanut + butterfat + apple + coconut + grape + palm + onion + strawberry + cinnamon + garlic + cream + raspberry + cheese + sweetener + canola + raisin + paprika + tomato + vinegar + coating + pumpkin + cottonseed + peppermint + mango + pear + peach + parsley + quinoa + chia + sugarcane + cornmeal + blackberry + chickpea + clove + sultana + poppy + yogurt + millet + oregano + cassava + cardamom + wine + tea + mushroom + watermelon + thyme + shellfish + papaya + cake + stearate + broccoli + kiwi + olive + soda + tomatoe + cracker + chicken + shrimp + dill + kale + gooseberry + stearin + sage + fenugreek + tahini + ghee + lettuce + mayonnaise + courgette + caramel + bilberry + applesauce + peppercorn + gingerbread + flaxseed + soybean + boysenberry + groat + bacon + artichoke + honeycomb + waffle,0.46499257927372395,0.5116193077459175,4,0.47698058429512274
sugar + oil + cocoa + nut + egg + chocolate + whey + vanilla + almond + honey + corn + yeast + bean + soya + oat + grape + palm + strawberry + garlic + pepper + cream + sunflower + raspberry + cheese + canola + orange + lemon + blueberry + raisin + sesame + walnut + apricot + vinegar + cranberry + coating + flax + pumpkin + fig + banana + peppermint + peach + quinoa + lime + chia + sugarcane + cornmeal + blackberry + sauce + beef + chickpea + sultana + rosemary + poppyseed + coriander + yogurt + millet + spinach + oregano + cumin + pea + aniseed + celery + cassava + cardamom + melon + wine + biscuit + mushroom + watermelon + thyme + shellfish + cookie + grapefruit + cracker + shrimp + fennel + cider + dill + monostearate + potatoe + fenugreek + tahini + anise + starter + lettuce + flageolet + mayonnaise + courgette + bilberry + peppercorn + tallow + avocado + gingerbread + cacao + cauliflower + shallot + honeycomb + tortilla + tofu + palma + brownie + waffle,0.46722638601737315,0.5229524472053412,4,0.4816813825932319
oil + salt + flour + cocoa + fruit + wheat + butter + milk + chocolate + whey + spice + milkfat + honey + rice + corn + bean + soya + hazelnut + butterfat + potato + oat + apple + coconut + palm + onion + strawberry + garlic + cream + raspberry + cheese + orange + lemon + palmitate + blueberry + raisin + sesame + paprika + tomato + vinegar + turmeric + buttermilk + pumpkin + fig + yolk + banana + mango + plum + peach + liquorice + quinoa + lime + chia + coffee + sauce + beef + chickpea + sultana + pork + poppy + rosemary + elderberry + yogurt + pea + aniseed + celery + cassava + lentil + wine + biscuit + mushroom + thyme + cookie + papaya + cake + chokeberry + broccoli + allspice + chive + grapefruit + leaf + reggiano + oatmeal + tomatoe + cracker + chicken + lingonberry + gooseberry + stearin + fenugreek + berry + courgette + leek + caramel + bilberry + applesauce + peppercorn + tigernut + gingerbread + cacao + cauliflower + cashew + boysenberry + groat + palmfat + tortilla + tofu + brownie + champagne + waffle,0.4637562219627086,0.4892054034955295,4,0.47661740056007945
cocoa + butter + chocolate + spice + milkfat + almond + honey + seed + yeast + soya + butterfat + potato + oat + apple + cinnamon + herb + pepper + sunflower + cheese + orange + lemon + blueberry + sesame + walnut + paprika + tomato + cranberry + coating + flax + ginger + fig + cottonseed + banana + mango + pineapple + pear + peach + liquorice + quinoa + lime + sugarcane + blackberry + sultana + elderberry + poppyseed + cabbage + cumin + aniseed + passionfruit + mustard + biscuit + watermelon + thyme + shellfish + cookie + cake + stearate + broccoli + chive + grapefruit + leaf + olive + cracker + shrimp + fennel + cider + breadcrumb + chili + monostearate + stearin + fish + sage + fenugreek + tahini + anise + ghee + lettuce + leek + caramel + lard + tallow + flaxseed + cacao + epice + tortilla + palma + brownie + champagne + waffle,0.4606557286433829,0.5147987557681195,4,0.477432598451289
oil + salt + flour + egg + whey + spice + juice + milkfat + honey + soya + barley + hazelnut + butterfat + potato + apple + coconut + palm + onion + strawberry + cinnamon + herb + garlic + pepper + cream + cheese + canola + carrot + palmitate + blueberry + walnut + paprika + vinegar + coating + flax + pumpkin + yolk + pear + peach + parsley + quinoa + lime + sugarcane + cornmeal + blackberry + coffee + beef + sultana + pork + poppy + elderberry + poppyseed + millet + spinach + cabbage + celery + lentil + basil + shellfish + cookie + papaya + broccoli + allspice + reggiano + oatmeal + cracker + fennel + cider + breadcrumb + chili + crispie + gooseberry + sage + pastry + berry + tahini + starter + lettuce + flageolet + courgette + lard + applesauce + peppercorn + tigernut + flaxseed + cacao + cauliflower + soybean + cashew + shallot + boysenberry + breadstick + lay + bacon + palmfat + palma + brownie + waffle,0.4709837722159811,0.4994830342825396,4,0.4911858295760206
sugar + oil + cocoa + butter + egg + vanilla + spice + juice + honey + corn + yeast + soya + peanut + apple + coconut + palm + strawberry + cinnamon + herb + pepper + cream + raspberry + cheese + sweetener + canola + blueberry + sesame + walnut + paprika + vinegar + coating + ginger + buttermilk + fig + cottonseed + banana + parsley + liquorice + lime + chia + cornmeal + blackberry + coffee + clove + buckwheat + pork + elderberry + poppyseed + coriander + rye + oregano + cumin + pea + aniseed + mustard + cardamom + basil + biscuit + tea + mushroom + shellfish + chestnut + cookie + papaya + kiwi + leaf + reggiano + olive + tomatoe + cracker + chicken + shrimp + breadcrumb + crispie + kale + stearin + potatoe + sage + fenugreek + pastry + ghee + starter + flageolet + mayonnaise + courgette + leek + caramel + bilberry + lard + applesauce + tigernut + avocado + gingerbread + flaxseed + soybean + cashew + shallot + boysenberry + groat + lay + epice + artichoke + tofu + palma + champagne,0.4775946219936108,0.4991072976704795,4,0.47653965421666744
sugar + oil + flour + cocoa + butter + nut + egg + milk + chocolate + whey + vanilla + spice + milkfat + almond + rice + corn + yeast + bean + soya + barley + hazelnut + peanut + butterfat + oat + palm + strawberry + cinnamon + pepper + cream + sweetener + canola + blueberry + sesame + walnut + paprika + tomato + vinegar + flax + pumpkin + fig + yolk + cottonseed + banana + mango + pineapple + pear + parsley + liquorice + sugarcane + cornmeal + clove + buckwheat + pork + poppy + yogurt + millet + spinach + cabbage + oregano + cumin + aniseed + celery + lentil + cardamom + wine + basil + biscuit + mushroom + thyme + cake + stearate + allspice + kiwi + chive + leaf + reggiano + olive + oatmeal + shrimp + cider + breadcrumb + crispie + lingonberry + monostearate + gooseberry + potatoe + sage + fenugreek + pastry + tahini + anise + ghee + flageolet + leek + caramel + bilberry + tallow + tigernut + cacao + cauliflower + soybean + shallot + groat + lay + epice + bacon + artichoke + honeycomb + tortilla + tofu + palma + brownie,0.47028458556399094,0.4975088175941547,4,0.4747164730228689
sugar + cocoa + fruit + wheat + nut + spice + juice + milkfat + rice + soya + hazelnut + peanut + butterfat + apple + coconut + palm + cinnamon + garlic + pepper + cheese + canola + carrot + raisin + paprika + vinegar + turmeric + ginger + buttermilk + pumpkin + yolk + cottonseed + banana + peppermint + mango + liquorice + lime + chia + sugarcane + cornmeal + blackberry + coffee + sauce + chickpea + clove + pork + rosemary + yogurt + cassava + cardamom + basil + biscuit + tea + mushroom + thyme + shellfish + broccoli + allspice + kiwi + chive + leaf + oatmeal + soda + cracker + chicken + shrimp + fennel + cider + breadcrumb + crispie + dill + monostearate + kale + gooseberry + stearin + potatoe + sage + tahini + ghee + starter + lettuce + mayonnaise + courgette + bilberry + peppercorn + tigernut + gingerbread + soybean + boysenberry + groat + lay + honeycomb + palmfat + palma + champagne + waffle,0.46497462577414644,0.497613042832762,4,0.4699130668927228
salt + flour + fruit + wheat + chocolate + whey + juice + honey + seed + yeast + soya + barley + hazelnut + potato + oat + apple + onion + strawberry + cinnamon + herb + pepper + cheese + canola + orange + palmitate + blueberry + sesame + vinegar + coating + flax + pumpkin + fig + cottonseed + peppermint + mango + pineapple + peach + parsley + liquorice + lime + sugarcane + coffee + sauce + beef + sultana + elderberry + poppyseed + yogurt + rye + millet + spinach + cabbage + cumin + pea + aniseed + celery + cassava + cardamom + melon + wine + biscuit + mushroom + thyme + shellfish + chive + leaf + olive + chicken + shrimp + bread + cider + butteroil + breadcrumb + chili + crispie + dill + lingonberry + monostearate + kale + gooseberry + fish + sage + berry + caramel + bilberry + applesauce + tallow + tigernut + flaxseed + soybean + groat + lay + bacon + palmfat + tofu + brownie + champagne + waffle,0.46682430900577876,0.5195909027326808,4,0.4878947816417789
salt + cocoa + wheat + butter + milk + vanilla + spice + almond + rice + seed + yeast + soya + barley + hazelnut + potato + strawberry + cinnamon + herb + garlic + pepper + cream + raspberry + cheese + sweetener + carrot + palmitate + blueberry + raisin + sesame + paprika + tomato + vinegar + turmeric + coating + flax + ginger + fig + yolk + cottonseed + banana + mango + pineapple + pear + quinoa + chia + sugarcane + cornmeal + coffee + beef + chickpea + pork + poppy + rosemary + yogurt + oregano + cumin + pea + aniseed + lentil + mustard + cardamom + wine + tea + mushroom + watermelon + chestnut + cookie + papaya + stearate + broccoli + allspice + grapefruit + oatmeal + soda + tomatoe + chicken + shrimp + fennel + cider + butteroil + stearin + sage + fenugreek + pastry + anise + flageolet + mayonnaise + lard + applesauce + tallow + avocado + cacao + shallot + boysenberry + breadstick + artichoke + palmfat + tofu + brownie + champagne + waffle,0.47476645365655734,0.5038485600699021,4,0.4754470965008052
sugar + flour + cocoa + wheat + butter + nut + chocolate + seed + corn + barley + hazelnut + oat + grape + palm + cinnamon + herb + garlic + cream + raspberry + cheese + canola + orange + carrot + blueberry + sesame + apricot + cranberry + coating + buttermilk + peppermint + mango + pear + parsley + liquorice + quinoa + lime + chia + sugarcane + cornmeal + coffee + beef + chickpea + sultana + elderberry + poppyseed + coriander + pea + aniseed + celery + lentil + mustard + cardamom + basil + biscuit + mushroom + chestnut + cake + chokeberry + stearate + kiwi + grapefruit + reggiano + olive + tomatoe + chicken + bread + breadcrumb + lingonberry + monostearate + kale + stearin + potatoe + vegetale + pastry + berry + tahini + anise + lettuce + flageolet + courgette + applesauce + peppercorn + tigernut + avocado + gingerbread + flaxseed + cacao + cashew + artichoke + palmfat + palma + brownie + champagne,0.46863170248589514,0.4890161768803087,4,0.4754914020384687
sugar + salt + butter + nut + egg + juice + milkfat + almond + seed + corn + yeast + bean + soya + hazelnut + peanut + apple + coconut + grape + palm + strawberry + cinnamon + herb + garlic + cream + raspberry + canola + carrot + lemon + palmitate + blueberry + sesame + tomato + vinegar + cranberry + turmeric + flax + buttermilk + fig + yolk + cottonseed + banana + mango + plum + pear + parsley + liquorice + quinoa + lime + chia + blackberry + coffee + beef + sultana + poppy + rosemary + poppyseed + millet + oregano + aniseed + celery + cassava + lentil + mustard + cardamom + basil + tea + mushroom + papaya + cake + stearate + broccoli + allspice + kiwi + grapefruit + soda + tomatoe + chicken + fennel + breadcrumb + crispie + dill + monostearate + kale + stearin + vegetale + fish + sage + pastry + berry + tahini + anise + starter + lettuce + courgette + leek + bilberry + tigernut + avocado + gingerbread + flaxseed + cauliflower + soybean + boysenberry + lay + artichoke + palmfat + palma + brownie,0.4681753513161461,0.5081717889027689,4,0.47549351676096313
oil + flour + cocoa + wheat + nut + chocolate + honey + seed + yeast + bean + soya + hazelnut + potato + coconut + grape + cinnamon + herb + garlic + pepper + cream + sunflower + raspberry + orange + walnut + apricot + tomato + coating + flax + ginger + buttermilk + pumpkin + fig + yolk + banana + peppermint + plum + pineapple + peach + parsley + liquorice + quinoa + lime + sugarcane + cornmeal + coffee + sauce + beef + chickpea + buckwheat + sultana + pork + poppyseed + yogurt + oregano + passionfruit + cassava + biscuit + mushroom + cake + stearate + allspice + olive + oatmeal + tomatoe + shrimp + fennel + bread + crispie + dill + monostearate + kale + potatoe + vegetale + sage + tahini + ghee + leek + bilberry + lard + tallow + flaxseed + soybean + cashew + boysenberry + breadstick + epice + bacon + artichoke + honeycomb + palmfat + tortilla + palma + brownie,0.46315863354558606,0.4814238927098271,4,0.4527831532455067
sugar + salt + fruit + wheat + butter + egg + chocolate + vanilla + spice + juice + milkfat + honey + seed + bean + barley + hazelnut + peanut + butterfat + potato + apple + coconut + palm + onion + strawberry + garlic + pepper + cream + sunflower + raspberry + cheese + canola + lemon + palmitate + blueberry + apricot + turmeric + ginger + buttermilk + pumpkin + fig + yolk + cottonseed + plum + pear + peach + quinoa + chia + cornmeal + blackberry + coffee + buckwheat + pork + poppy + rosemary + elderberry + poppyseed + millet + aniseed + celery + passionfruit + mustard + basil + biscuit + tea + mushroom + thyme + shellfish + cookie + papaya + broccoli + allspice + kiwi + reggiano + oatmeal + fennel + bread + breadcrumb + crispie + dill + stearin + potatoe + fish + sage + pastry + berry + tahini + anise + starter + lettuce + flageolet + courgette + caramel + lard + applesauce + gingerbread + cacao + soybean + boysenberry + breadstick + lay + bacon + artichoke + honeycomb + palmfat + palma + brownie,0.46454915105555505,0.4776997837424378,4,0.4728696235493412
oil + salt + flour + cocoa + milk + chocolate + whey + vanilla + spice + honey + corn + yeast + bean + barley + butterfat + potato + oat + apple + coconut + palm + onion + strawberry + cinnamon + herb + garlic + sunflower + raspberry + cheese + sweetener + orange + palmitate + blueberry + raisin + apricot + tomato + vinegar + coating + flax + buttermilk + pumpkin + fig + peppermint + pineapple + pear + sugarcane + blackberry + coffee + sultana + coriander + yogurt + cabbage + oregano + cumin + pea + celery + lentil + mustard + basil + biscuit + tea + mushroom + watermelon + shellfish + chestnut + cookie + cake + chokeberry + broccoli + kiwi + reggiano + tomatoe + cracker + chicken + shrimp + cider + breadcrumb + crispie + dill + lingonberry + gooseberry + stearin + potatoe + sage + fenugreek + tahini + anise + ghee + flageolet + courgette + leek + bilberry + tallow + tigernut + avocado + gingerbread + flaxseed + cacao + cashew + shallot + boysenberry + groat + breadstick + lay + honeycomb + tortilla + champagne,0.4692184348125875,0.4979507334272625,4,0.4718146332810527
oil + salt + cocoa + fruit + milk + whey + vanilla + juice + rice + yeast + bean + hazelnut + peanut + butterfat + potato + oat + apple + coconut + grape + onion + cinnamon + herb + garlic + pepper + raspberry + canola + carrot + palmitate + raisin + paprika + vinegar + turmeric + coating + ginger + pumpkin + yolk + mango + pear + peach + quinoa + chia + sugarcane + cornmeal + blackberry + sauce + beef + chickpea + clove + sultana + poppy + rosemary + millet + oregano + pea + celery + cassava + mustard + cardamom + basil + mushroom + watermelon + thyme + shellfish + papaya + cake + broccoli + allspice + kiwi + leaf + olive + oatmeal + soda + cracker + chicken + shrimp + fennel + bread + kale + gooseberry + stearin + sage + fenugreek + tahini + lettuce + mayonnaise + courgette + bilberry + peppercorn + tigernut + gingerbread + soybean + cashew + boysenberry + epice + honeycomb + palmfat + waffle,0.46657060209463497,0.5216291526075001,4,0.4791549473045243
sugar + flour + wheat + nut + milk + chocolate + whey + milkfat + yeast + bean + soya + peanut + butterfat + potato + oat + coconut + palm + onion + herb + garlic + pepper + cream + raspberry + cheese + sweetener + orange + carrot + lemon + blueberry + raisin + paprika + vinegar + cranberry + flax + ginger + buttermilk + pumpkin + fig + cottonseed + pineapple + pear + peach + parsley + quinoa + chia + blackberry + coffee + sauce + beef + buckwheat + sultana + pork + rosemary + elderberry + coriander + yogurt + rye + spinach + oregano + cumin + pea + aniseed + passionfruit + cassava + lentil + mustard + biscuit + tea + watermelon + thyme + shellfish + chestnut + cookie + stearate + kiwi + chive + grapefruit + leaf + reggiano + soda + chicken + shrimp + butteroil + breadcrumb + crispie + dill + lingonberry + sage + fenugreek + pastry + tahini + starter + mayonnaise + bilberry + lard + applesauce + tigernut + gingerbread + cauliflower + lay + artichoke + honeycomb + tortilla + palma + brownie,0.4668201247365781,0.5075670115350825,4,0.48786851965291184
sugar + oil + cocoa + fruit + wheat + butter + egg + whey + vanilla + milkfat + honey + rice + yeast + bean + barley + hazelnut + oat + coconut + palm + strawberry + garlic + cream + raspberry + cheese + canola + blueberry + apricot + paprika + vinegar + cranberry + coating + fig + banana + peppermint + mango + plum + peach + liquorice + lime + chia + cornmeal + sauce + beef + chickpea + buckwheat + sultana + pork + elderberry + poppyseed + coriander + yogurt + spinach + oregano + cumin + aniseed + celery + cardamom + melon + wine + basil + biscuit + mushroom + thyme + cookie + chokeberry + kiwi + chive + grapefruit + reggiano + shrimp + cider + breadcrumb + crispie + potatoe + fish + sage + berry + tahini + lettuce + flageolet + mayonnaise + courgette + applesauce + peppercorn + tigernut + gingerbread + cacao + shallot + boysenberry + artichoke + honeycomb + palmfat + palma + brownie + champagne + waffle,0.4611630989373435,0.4870404874974507,4,0.4736888384699882
sugar + salt + cocoa + wheat + egg + milk + chocolate + whey + vanilla + spice + juice + milkfat + honey + seed + bean + barley + butterfat + potato + apple + coconut + grape + palm + onion + strawberry + cinnamon + herb + garlic + pepper + raspberry + cheese + sweetener + canola + orange + lemon + palmitate + blueberry + sesame + apricot + turmeric + flax + ginger + buttermilk + fig + cottonseed + peppermint + plum + pear + quinoa + lime + chia + cornmeal + coffee + pork + poppy + rosemary + poppyseed + oregano + aniseed + celery + passionfruit + cassava + lentil + melon + basil + biscuit + mushroom + thyme + cookie + papaya + cake + broccoli + allspice + grapefruit + leaf + reggiano + tomatoe + bread + butteroil + breadcrumb + crispie + dill + stearin + potatoe + vegetale + fish + sage + pastry + berry + tahini + ghee + lettuce + flageolet + courgette + leek + bilberry + lard + applesauce + gingerbread + cauliflower + soybean + boysenberry + lay + epice + artichoke + palmfat + tofu + palma + brownie,0.46846291383610167,0.48302649014162174,4,0.468121175298159
oil + salt + flour + fruit + nut + egg + chocolate + juice + almond + honey + seed + corn + yeast + bean + soya + hazelnut + butterfat + potato + apple + coconut + strawberry + garlic + pepper + cheese + sweetener + canola + orange + lemon + raisin + walnut + paprika + tomato + cranberry + coating + flax + ginger + buttermilk + fig + cottonseed + mango + liquorice + quinoa + lime + chia + sugarcane + cornmeal + coffee + sauce + beef + chickpea + buckwheat + sultana + pork + poppy + elderberry + poppyseed + coriander + rye + spinach + oregano + cumin + pea + lentil + mustard + melon + wine + basil + watermelon + thyme + chestnut + cake + chokeberry + stearate + allspice + kiwi + chive + leaf + soda + tomatoe + chicken + fennel + bread + cider + butteroil + breadcrumb + chili + crispie + lingonberry + monostearate + kale + vegetale + berry + tahini + anise + ghee + starter + lettuce + courgette + caramel + bilberry + applesauce + peppercorn + tallow + avocado + cacao + cashew + shallot + epice + bacon + artichoke + palmfat + palma + brownie + waffle,0.4667362714590985,0.5048886926146593,4,0.47614554188902247
sugar + oil + salt + cocoa + wheat + butter + nut + milk + whey + spice + milkfat + almond + rice + corn + yeast + soya + barley + hazelnut + peanut + potato + coconut + onion + cinnamon + garlic + pepper + cream + sunflower + sweetener + canola + carrot + palmitate + blueberry + raisin + sesame + paprika + turmeric + coating + flax + ginger + pumpkin + fig + cottonseed + peppermint + mango + plum + pineapple + liquorice + quinoa + chia + sugarcane + cornmeal + coffee + sauce + beef + pork + rosemary + elderberry + poppyseed + coriander + spinach + cabbage + cumin + aniseed + lentil + mustard + cardamom + wine + tea + mushroom + thyme + cookie + chokeberry + stearate + broccoli + allspice + grapefruit + leaf + olive + tomatoe + chicken + fennel + cider + butteroil + breadcrumb + monostearate + gooseberry + stearin + vegetale + pastry + tahini + anise + flageolet + mayonnaise + courgette + leek + bilberry + lard + flaxseed + soybean + boysenberry + breadstick + artichoke + palmfat + tofu + palma + brownie + champagne,0.47348350455017824,0.4973404976115192,4,0.48018382293133993
oil + cocoa + wheat + butter + nut + egg + milk + chocolate + vanilla + spice + juice + almond + honey + rice + seed + corn + bean + barley + hazelnut + apple + grape + onion + strawberry + cream + raspberry + cheese + sweetener + canola + orange + blueberry + sesame + walnut + paprika + buttermilk + cottonseed + banana + peppermint + mango + parsley + liquorice + quinoa + lime + blackberry + sauce + beef + chickpea + clove + pork + elderberry + coriander + yogurt + rye + aniseed + cassava + lentil + mustard + cardamom + melon + tea + thyme + chestnut + chokeberry + stearate + broccoli + allspice + grapefruit + leaf + reggiano + olive + tomatoe + chicken + shrimp + fennel + cider + butteroil + breadcrumb + chili + crispie + lingonberry + monostearate + kale + gooseberry + stearin + sage + pastry + berry + tahini + starter + lettuce + lard + applesauce + peppercorn + tallow + avocado + gingerbread + breadstick + bacon + artichoke + honeycomb + palmfat + tortilla + tofu + brownie + champagne + waffle,0.46492809452913714,0.49573671984801915,4,0.4701916388439525
sugar + cocoa + spice + milkfat + almond + seed + yeast + soya + barley + hazelnut + apple + strawberry + cinnamon + herb + garlic + pepper + cream + cheese + sweetener + canola + orange + carrot + palmitate + tomato + turmeric + coating + flax + ginger + buttermilk + yolk + peppermint + mango + plum + pineapple + pear + peach + liquorice + lime + chia + cornmeal + blackberry + coffee + sauce + beef + chickpea + buckwheat + pork + poppy + elderberry + poppyseed + millet + spinach + oregano + passionfruit + lentil + cardamom + wine + tea + watermelon + shellfish + chestnut + cake + allspice + kiwi + grapefruit + leaf + reggiano + olive + chicken + fennel + breadcrumb + crispie + lingonberry + monostearate + kale + potatoe + vegetale + fish + sage + pastry + tahini + anise + ghee + flageolet + mayonnaise + courgette + lard + applesauce + peppercorn + tigernut + avocado + flaxseed + cacao + soybean + lay + epice + artichoke + honeycomb + palmfat + palma + brownie + waffle,0.4698472543119158,0.5038839336758488,4,0.48107322616648623
sugar + cocoa + wheat + nut + milk + whey + spice + milkfat + almond + honey + corn + yeast + soya + peanut + oat + apple + coconut + strawberry + garlic + pepper + raspberry + canola + carrot + blueberry + walnut + paprika + tomato + cranberry + yolk + banana + pear + peach + parsley + quinoa + lime + cornmeal + sauce + buckwheat + sultana + pork + rye + spinach + cabbage + aniseed + passionfruit + cassava + lentil + mustard + wine + basil + tea + mushroom + thyme + shellfish + cookie + cake + chokeberry + broccoli + kiwi + chive + leaf + reggiano + olive + soda + shrimp + fennel + butteroil + chili + crispie + dill + lingonberry + sage + anise + starter + flageolet + mayonnaise + bilberry + tigernut + avocado + gingerbread + flaxseed + cacao + cauliflower + soybean + cashew + shallot + groat + bacon + palmfat + tortilla + tofu,0.47332542930636207,0.5125554999545666,4,0.4803208632128603
flour + fruit + butter + egg + milk + spice + juice + milkfat + rice + seed + bean + soya + barley + hazelnut + peanut + butterfat + oat + apple + palm + strawberry + cinnamon + herb + cream + cheese + canola + lemon + palmitate + blueberry + sesame + walnut + paprika + tomato + coating + flax + buttermilk + yolk + plum + pineapple + peach + parsley + liquorice + quinoa + lime + chia + cornmeal + sauce + buckwheat + sultana + pork + rosemary + poppyseed + coriander + yogurt + millet + passionfruit + cardamom + wine + biscuit + mushroom + thyme + chestnut + papaya + cake + chokeberry + broccoli + kiwi + grapefruit + leaf + olive + oatmeal + soda + cracker + shrimp + fennel + bread + cider + breadcrumb + dill + lingonberry + gooseberry + potatoe + fish + sage + fenugreek + anise + ghee + starter + courgette + caramel + bilberry + tigernut + gingerbread + flaxseed + cauliflower + cashew + boysenberry + epice + honeycomb + tofu + palma + brownie + champagne,0.4694153446804636,0.5127166368406127,4,0.4778814945605509
sugar + oil + cocoa + wheat + nut + egg + vanilla + juice + almond + honey + corn + bean + barley + hazelnut + grape + palm + strawberry + pepper + cream + raspberry + canola + carrot + palmitate + raisin + sesame + tomato + vinegar + turmeric + buttermilk + pumpkin + fig + banana + mango + plum + pear + peach + lime + chia + sugarcane + blackberry + sauce + clove + sultana + pork + elderberry + coriander + yogurt + millet + spinach + oregano + cumin + pea + lentil + cardamom + melon + wine + basil + mushroom + watermelon + shellfish + chestnut + cookie + cake + chokeberry + broccoli + kiwi + leaf + reggiano + cracker + shrimp + cider + breadcrumb + chili + dill + monostearate + gooseberry + vegetale + fish + pastry + berry + anise + mayonnaise + courgette + leek + peppercorn + tallow + tigernut + gingerbread + flaxseed + cacao + soybean + groat + honeycomb + palma + brownie + champagne + waffle,0.4641040612557258,0.511030422559215,4,0.48090857960646194
sugar + oil + salt + flour + butter + egg + milk + whey + vanilla + juice + almond + honey + rice + corn + yeast + potato + oat + coconut + grape + palm + strawberry + cinnamon + herb + garlic + pepper + sunflower + raspberry + cheese + sweetener + canola + lemon + walnut + paprika + vinegar + turmeric + flax + buttermilk + pumpkin + fig + yolk + cottonseed + plum + pineapple + parsley + quinoa + lime + chia + blackberry + coffee + beef + chickpea + clove + buckwheat + pork + poppy + elderberry + poppyseed + coriander + yogurt + millet + oregano + aniseed + passionfruit + cassava + mustard + melon + wine + basil + biscuit + mushroom + watermelon + thyme + shellfish + chestnut + cookie + papaya + cake + stearate + allspice + kiwi + leaf + cracker + chicken + shrimp + breadcrumb + dill + kale + stearin + fish + sage + fenugreek + pastry + berry + tahini + anise + ghee + starter + lettuce + mayonnaise + bilberry + lard + avocado + flaxseed + cacao + cauliflower + soybean + boysenberry + epice + bacon + artichoke + palmfat + tofu + palma + brownie + champagne + waffle,0.46786048102153044,0.5169784927047502,4,0.4880852158791951
sugar + cocoa + wheat + butter + egg + milk + chocolate + whey + vanilla + spice + almond + rice + seed + corn + yeast + bean + hazelnut + peanut + grape + palm + strawberry + cinnamon + sunflower + sweetener + canola + orange + apricot + vinegar + coating + fig + cottonseed + peppermint + mango + pineapple + parsley + lime + chia + cornmeal + sauce + chickpea + clove + buckwheat + sultana + pork + elderberry + poppyseed + coriander + yogurt + rye + cabbage + cumin + aniseed + celery + passionfruit + cassava + lentil + cardamom + wine + basil + biscuit + tea + mushroom + shellfish + cookie + papaya + stearate + broccoli + kiwi + grapefruit + soda + cracker + shrimp + fennel + cider + breadcrumb + stearin + vegetale + fish + sage + fenugreek + pastry + berry + tahini + courgette + leek + bilberry + tigernut + cauliflower + shallot + epice + artichoke,0.46754280336368803,0.5181486148407821,4,0.48802901247697905
fruit + wheat + butter + nut + egg + spice + juice + honey + seed + yeast + soya + hazelnut + strawberry + garlic + pepper + sweetener + carrot + raisin + sesame + tomato + cranberry + coating + flax + ginger + fig + yolk + banana + mango + plum + pear + peach + liquorice + chia + sugarcane + cornmeal + pork + poppyseed + spinach + cumin + celery + mustard + cardamom + wine + biscuit + mushroom + watermelon + thyme + cookie + cake + chokeberry + kiwi + grapefruit + leaf + reggiano + olive + cracker + chicken + cider + breadcrumb + chili + lingonberry + monostearate + gooseberry + stearin + vegetale + pastry + tahini + lettuce + flageolet + mayonnaise + peppercorn + tigernut + cacao + cauliflower + shallot + boysenberry + lay + epice + bacon + artichoke + honeycomb + palmfat + tortilla + tofu + brownie + waffle,0.4661081475712597,0.5005676532953157,4,0.4709993858230242
sugar + oil + salt + flour + cocoa + butter + nut + milk + chocolate + vanilla + honey + seed + corn + yeast + soya + butterfat + potato + oat + apple + coconut + palm + onion + strawberry + cinnamon + garlic + pepper + raspberry + cheese + canola + orange + lemon + blueberry + raisin + sesame + apricot + vinegar + turmeric + coating + flax + ginger + buttermilk + pumpkin + peppermint + parsley + quinoa + sugarcane + blackberry + coffee + beef + chickpea + buckwheat + sultana + pork + yogurt + cabbage + oregano + cumin + pea + aniseed + celery + passionfruit + lentil + cardamom + biscuit + watermelon + chestnut + cookie + papaya + cake + stearate + broccoli + kiwi + reggiano + soda + tomatoe + cracker + fennel + cider + breadcrumb + dill + gooseberry + stearin + potatoe + fish + sage + fenugreek + tahini + ghee + flageolet + leek + bilberry + avocado + flaxseed + cacao + soybean + shallot + boysenberry + groat + breadstick + lay + honeycomb + palmfat + tofu + champagne,0.4695946994060463,0.4983651716376716,4,0.4759959911180136
sugar + cocoa + fruit + wheat + butter + chocolate + vanilla + spice + milkfat + almond + rice + seed + corn + yeast + soya + barley + potato + oat + apple + strawberry + cinnamon + garlic + sunflower + cheese + carrot + lemon + palmitate + blueberry + sesame + apricot + paprika + tomato + vinegar + coating + flax + ginger + buttermilk + pumpkin + fig + yolk + banana + peppermint + mango + peach + parsley + liquorice + lime + chia + cornmeal + blackberry + coffee + sauce + beef + chickpea + buckwheat + pork + elderberry + poppyseed + coriander + yogurt + spinach + cumin + pea + aniseed + celery + cassava + mustard + cardamom + wine + basil + tea + mushroom + thyme + cookie + cake + stearate + broccoli + chive + grapefruit + tomatoe + cracker + cider + breadcrumb + crispie + dill + lingonberry + potatoe + vegetale + sage + pastry + berry + tahini + anise + ghee + starter + flageolet + mayonnaise + courgette + caramel + bilberry + tigernut + avocado + flaxseed + soybean + shallot + boysenberry + groat + breadstick + bacon + tortilla + tofu + brownie + waffle,0.473068944534142,0.5147978195326492,4,0.48414776618117505
sugar + salt + wheat + whey + vanilla + spice + juice + almond + rice + yeast + bean + peanut + oat + apple + coconut + grape + strawberry + cinnamon + herb + cream + raspberry + cheese + orange + palmitate + sesame + walnut + paprika + tomato + cranberry + turmeric + flax + ginger + buttermilk + fig + yolk + banana + pineapple + peach + parsley + quinoa + chia + cornmeal + coffee + sauce + buckwheat + sultana + poppy + elderberry + millet + cabbage + cumin + celery + cassava + wine + biscuit + thyme + papaya + allspice + kiwi + grapefruit + olive + soda + cracker + chicken + shrimp + fennel + cider + dill + kale + potatoe + vegetale + fish + fenugreek + berry + anise + starter + lettuce + flageolet + mayonnaise + courgette + caramel + bilberry + lard + peppercorn + tallow + avocado + gingerbread + cacao + cauliflower + soybean + breadstick + epice + artichoke + honeycomb + tofu + champagne + waffle,0.47323038969399195,0.5182424636194031,4,0.4832306718302523
salt + flour + cocoa + egg + chocolate + spice + milkfat + almond + yeast + soya + hazelnut + potato + onion + strawberry + cinnamon + herb + pepper + sunflower + raspberry + sweetener + canola + orange + palmitate + blueberry + sesame + paprika + turmeric + coating + pumpkin + yolk + cottonseed + banana + quinoa + chia + blackberry + coffee + beef + chickpea + buckwheat + elderberry + yogurt + rye + spinach + cabbage + oregano + cumin + aniseed + celery + cassava + lentil + mustard + wine + basil + biscuit + tea + mushroom + watermelon + thyme + stearate + broccoli + grapefruit + olive + soda + tomatoe + shrimp + fennel + bread + cider + breadcrumb + crispie + monostearate + sage + fenugreek + pastry + tahini + flageolet + mayonnaise + courgette + leek + caramel + bilberry + lard + soybean + shallot + lay + artichoke + honeycomb + palma + waffle,0.4752243665281015,0.5115753064564952,4,0.48439016039909044
sugar + cocoa + wheat + butter + spice + juice + almond + seed + corn + soya + barley + potato + apple + grape + strawberry + cinnamon + garlic + pepper + cheese + canola + carrot + lemon + palmitate + blueberry + raisin + sesame + paprika + tomato + cranberry + coating + flax + buttermilk + fig + yolk + cottonseed + peppermint + peach + parsley + liquorice + lime + chia + cornmeal + blackberry + coffee + chickpea + sultana + pork + poppy + elderberry + poppyseed + cumin + pea + celery + cassava + cardamom + basil + biscuit + tea + thyme + shellfish + cookie + stearate + broccoli + allspice + grapefruit + reggiano + olive + fennel + crispie + dill + lingonberry + stearin + potatoe + vegetale + sage + pastry + anise + starter + courgette + leek + bilberry + lard + applesauce + peppercorn + tallow + tigernut + avocado + flaxseed + soybean + shallot + boysenberry + breadstick + bacon + tortilla + palma + brownie,0.46785338653048997,0.509750609447836,4,0.48560631089055534
salt + flour + cocoa + fruit + nut + whey + milkfat + almond + honey + seed + corn + yeast + bean + soya + butterfat + potato + oat + apple + coconut + grape + palm + onion + strawberry + cinnamon + herb + cream + sunflower + palmitate + raisin + sesame + paprika + coating + ginger + buttermilk + pumpkin + fig + yolk + cottonseed + banana + peppermint + pear + peach + quinoa + chia + sugarcane + blackberry + coffee + beef + sultana + pork + poppy + rosemary + poppyseed + coriander + yogurt + rye + millet + spinach + cabbage + oregano + cumin + pea + celery + passionfruit + cassava + mustard + cardamom + melon + basil + biscuit + mushroom + chestnut + papaya + cake + stearate + broccoli + chive + leaf + olive + soda + tomatoe + cracker + shrimp + fennel + butteroil + breadcrumb + crispie + kale + gooseberry + fish + sage + anise + starter + lettuce + mayonnaise + leek + bilberry + applesauce + peppercorn + tallow + gingerbread + flaxseed + cacao + cauliflower + soybean + cashew + shallot + breadstick + lay + epice + tofu + brownie + champagne + waffle,0.47077257080824514,0.5185534925615145,4,0.48487208346180294
sugar + oil + cocoa + fruit + wheat + butter + nut + egg + whey + vanilla + spice + juice + almond + seed + soya + hazelnut + butterfat + potato + oat + coconut + strawberry + cinnamon + herb + garlic + raspberry + orange + lemon + blueberry + raisin + sesame + paprika + tomato + vinegar + coating + flax + fig + yolk + cottonseed + banana + peppermint + plum + pineapple + pear + peach + parsley + quinoa + cornmeal + blackberry + sauce + beef + chickpea + sultana + poppy + coriander + rye + millet + cabbage + aniseed + celery + passionfruit + mustard + cardamom + melon + basil + mushroom + shellfish + cake + chokeberry + broccoli + chive + grapefruit + leaf + reggiano + tomatoe + chicken + shrimp + cider + kale + potatoe + fenugreek + berry + starter + leek + bilberry + tallow + tigernut + avocado + gingerbread + flaxseed + cacao + cauliflower + soybean + shallot + boysenberry + breadstick + epice + bacon + artichoke + honeycomb + tortilla + tofu + palma + waffle,0.4631048892794499,0.5184657138774001,4,0.4773506824418053
salt + fruit + butter + nut + chocolate + whey + spice + milkfat + almond + honey + seed + yeast + bean + soya + butterfat + potato + oat + apple + coconut + grape + cinnamon + garlic + pepper + cheese + orange + lemon + sesame + walnut + paprika + flax + peppermint + plum + pear + peach + liquorice + quinoa + lime + sugarcane + blackberry + sultana + elderberry + cabbage + cumin + cassava + lentil + mustard + cardamom + basil + biscuit + watermelon + thyme + shellfish + cookie + cake + stearate + broccoli + kiwi + chive + olive + tomatoe + cracker + shrimp + fennel + butteroil + breadcrumb + chili + crispie + lingonberry + stearin + vegetale + sage + fenugreek + anise + ghee + lettuce + mayonnaise + courgette + caramel + bilberry + lard + gingerbread + flaxseed + cacao + soybean + groat + breadstick + epice + palma + brownie,0.4637783768126804,0.4957880824585892,4,0.4703604171056455
sugar + salt + cocoa + fruit + wheat + butter + nut + egg + vanilla + honey + seed + corn + peanut + butterfat + potato + oat + apple + herb + garlic + pepper + sunflower + blueberry + paprika + cranberry + turmeric + coating + flax + ginger + cottonseed + peppermint + plum + pear + peach + liquorice + quinoa + lime + sugarcane + blackberry + clove + sultana + poppy + elderberry + yogurt + millet + cabbage + cumin + aniseed + celery + passionfruit + mustard + wine + watermelon + thyme + cookie + papaya + cake + stearate + broccoli + allspice + kiwi + olive + cracker + chicken + shrimp + fennel + cider + breadcrumb + chili + kale + fish + sage + fenugreek + pastry + ghee + lettuce + mayonnaise + tallow + avocado + gingerbread + cashew + shallot + boysenberry + lay + epice + palmfat + palma + brownie + champagne + waffle,0.46260132381801267,0.508235127099068,4,0.4786948254196252
sugar + salt + flour + fruit + wheat + chocolate + whey + milkfat + honey + rice + seed + yeast + bean + soya + potato + oat + apple + grape + strawberry + cinnamon + herb + canola + orange + carrot + lemon + palmitate + sesame + walnut + paprika + coating + ginger + pumpkin + cottonseed + banana + peppermint + mango + liquorice + quinoa + lime + blackberry + coffee + sauce + clove + sultana + yogurt + millet + spinach + cabbage + pea + aniseed + celery + cassava + mustard + cardamom + melon + wine + thyme + shellfish + chestnut + papaya + cake + chokeberry + grapefruit + olive + tomatoe + cracker + shrimp + cider + chili + crispie + dill + monostearate + kale + gooseberry + stearin + sage + fenugreek + berry + flageolet + mayonnaise + leek + bilberry + lard + applesauce + tallow + tigernut + avocado + gingerbread + flaxseed + soybean + boysenberry + groat + lay + bacon + palmfat + tofu + brownie + waffle,0.4738581008832397,0.5005649810781634,4,0.47525703208984826
oil + salt + cocoa + fruit + butter + nut + chocolate + whey + vanilla + juice + milkfat + yeast + soya + hazelnut + peanut + potato + oat + apple + coconut + palm + onion + strawberry + cinnamon + herb + garlic + pepper + cream + sweetener + orange + carrot + palmitate + raisin + sesame + walnut + apricot + paprika + tomato + flax + ginger + yolk + pineapple + pear + peach + parsley + chia + sugarcane + cornmeal + coffee + sauce + beef + buckwheat + sultana + pork + poppy + poppyseed + coriander + yogurt + millet + cabbage + cumin + pea + aniseed + mustard + cardamom + melon + biscuit + tea + thyme + cookie + papaya + cake + broccoli + allspice + chive + leaf + olive + cracker + chicken + shrimp + fennel + cider + crispie + lingonberry + monostearate + gooseberry + stearin + vegetale + fish + pastry + ghee + lettuce + mayonnaise + courgette + leek + bilberry + lard + tallow + gingerbread + flaxseed + cacao + cauliflower + soybean + cashew + breadstick + lay + artichoke + palmfat + tortilla + palma + brownie,0.47210895023062915,0.503207090235175,4,0.47583301121784677
